{"type":"standard","title":"Семейка Аддамс (персонажи)","displaytitle":"<span class=\"mw-page-title-main\">Семейка Аддамс (персонажи)</span>","namespace":{"id":0,"text":""},"wikibase_item":"Q3817916","titles":{"canonical":"Семейка_Аддамс_(персонажи)","normalized":"Семейка Аддамс (персонажи)","display":"<span class=\"mw-page-title-main\">Семейка Аддамс (персонажи)</span>"},"pageid":5049259,"thumbnail":{"source":"https://upload.wikimedia.org/wikipedia/commons/thumb/9/95/Addams_Family_main_cast_1964.JPG/320px-Addams_Family_main_cast_1964.JPG","width":320,"height":406},"originalimage":{"source":"https://upload.wikimedia.org/wikipedia/commons/9/95/Addams_Family_main_cast_1964.JPG","width":725,"height":920},"lang":"ru","dir":"ltr","revision":"127455873","tid":"299860a0-8cfd-11ed-9b98-67729faca945","timestamp":"2022-12-24T19:29:52Z","description":"группа вымышленных персонажей","description_source":"central","content_urls":{"desktop":{"page":"https://ru.wikipedia.org/wiki/%D0%A1%D0%B5%D0%BC%D0%B5%D0%B9%D0%BA%D0%B0_%D0%90%D0%B4%D0%B4%D0%B0%D0%BC%D1%81_(%D0%BF%D0%B5%D1%80%D1%81%D0%BE%D0%BD%D0%B0%D0%B6%D0%B8)","revisions":"https://ru.wikipedia.org/wiki/%D0%A1%D0%B5%D0%BC%D0%B5%D0%B9%D0%BA%D0%B0_%D0%90%D0%B4%D0%B4%D0%B0%D0%BC%D1%81_(%D0%BF%D0%B5%D1%80%D1%81%D0%BE%D0%BD%D0%B0%D0%B6%D0%B8)?action=history","edit":"https://ru.wikipedia.org/wiki/%D0%A1%D0%B5%D0%BC%D0%B5%D0%B9%D0%BA%D0%B0_%D0%90%D0%B4%D0%B4%D0%B0%D0%BC%D1%81_(%D0%BF%D0%B5%D1%80%D1%81%D0%BE%D0%BD%D0%B0%D0%B6%D0%B8)?action=edit","talk":"https://ru.wikipedia.org/wiki/%D0%9E%D0%B1%D1%81%D1%83%D0%B6%D0%B4%D0%B5%D0%BD%D0%B8%D0%B5:%D0%A1%D0%B5%D0%BC%D0%B5%D0%B9%D0%BA%D0%B0_%D0%90%D0%B4%D0%B4%D0%B0%D0%BC%D1%81_(%D0%BF%D0%B5%D1%80%D1%81%D0%BE%D0%BD%D0%B0%D0%B6%D0%B8)"},"mobile":{"page":"https://ru.m.wikipedia.org/wiki/%D0%A1%D0%B5%D0%BC%D0%B5%D0%B9%D0%BA%D0%B0_%D0%90%D0%B4%D0%B4%D0%B0%D0%BC%D1%81_(%D0%BF%D0%B5%D1%80%D1%81%D0%BE%D0%BD%D0%B0%D0%B6%D0%B8)","revisions":"https://ru.m.wikipedia.org/wiki/Special:History/%D0%A1%D0%B5%D0%BC%D0%B5%D0%B9%D0%BA%D0%B0_%D0%90%D0%B4%D0%B4%D0%B0%D0%BC%D1%81_(%D0%BF%D0%B5%D1%80%D1%81%D0%BE%D0%BD%D0%B0%D0%B6%D0%B8)","edit":"https://ru.m.wikipedia.org/wiki/%D0%A1%D0%B5%D0%BC%D0%B5%D0%B9%D0%BA%D0%B0_%D0%90%D0%B4%D0%B4%D0%B0%D0%BC%D1%81_(%D0%BF%D0%B5%D1%80%D1%81%D0%BE%D0%BD%D0%B0%D0%B6%D0%B8)?action=edit","talk":"https://ru.m.wikipedia.org/wiki/%D0%9E%D0%B1%D1%81%D1%83%D0%B6%D0%B4%D0%B5%D0%BD%D0%B8%D0%B5:%D0%A1%D0%B5%D0%BC%D0%B5%D0%B9%D0%BA%D0%B0_%D0%90%D0%B4%D0%B4%D0%B0%D0%BC%D1%81_(%D0%BF%D0%B5%D1%80%D1%81%D0%BE%D0%BD%D0%B0%D0%B6%D0%B8)"}},"extract":"Семейка Аддамс — группа вымышленных персонажей, созданная в 1938 году американским художником Чарльзом Аддамсом для газетных комиксов, публиковавшихся в журнале The New Yorker. Комиксы о них выходили до смерти художника в 1988 году. Фамилия персонажам дана в честь создателя.","extract_html":"<p><b>Семейка Аддамс</b> — группа вымышленных персонажей, созданная в 1938 году американским художником Чарльзом Аддамсом для газетных комиксов, публиковавшихся в журнале <i>The New Yorker</i>. Комиксы о них выходили до смерти художника в 1988 году. Фамилия персонажам дана в честь создателя.</p>"}