{"type":"standard","title":"Английский язык","displaytitle":"<span class=\"mw-page-title-main\">Английский язык</span>","namespace":{"id":0,"text":""},"wikibase_item":"Q1860","titles":{"canonical":"Английский_язык","normalized":"Английский язык","display":"<span class=\"mw-page-title-main\">Английский язык</span>"},"pageid":9719,"thumbnail":{"source":"https://upload.wikimedia.org/wikipedia/commons/thumb/4/4e/English_language_distribution.svg/langru-320px-English_language_distribution.svg.png","width":320,"height":163},"originalimage":{"source":"https://upload.wikimedia.org/wikipedia/commons/thumb/4/4e/English_language_distribution.svg/langru-512px-English_language_distribution.svg.png","width":512,"height":260},"lang":"ru","dir":"ltr","revision":"127650119","tid":"a9131c50-8bca-11ed-894b-2fd058326f9f","timestamp":"2023-01-04T00:56:40Z","description":"плюрицентрический западногерманский язык, происходящий из Англии","description_source":"central","content_urls":{"desktop":{"page":"https://ru.wikipedia.org/wiki/%D0%90%D0%BD%D0%B3%D0%BB%D0%B8%D0%B9%D1%81%D0%BA%D0%B8%D0%B9_%D1%8F%D0%B7%D1%8B%D0%BA","revisions":"https://ru.wikipedia.org/wiki/%D0%90%D0%BD%D0%B3%D0%BB%D0%B8%D0%B9%D1%81%D0%BA%D0%B8%D0%B9_%D1%8F%D0%B7%D1%8B%D0%BA?action=history","edit":"https://ru.wikipedia.org/wiki/%D0%90%D0%BD%D0%B3%D0%BB%D0%B8%D0%B9%D1%81%D0%BA%D0%B8%D0%B9_%D1%8F%D0%B7%D1%8B%D0%BA?action=edit","talk":"https://ru.wikipedia.org/wiki/%D0%9E%D0%B1%D1%81%D1%83%D0%B6%D0%B4%D0%B5%D0%BD%D0%B8%D0%B5:%D0%90%D0%BD%D0%B3%D0%BB%D0%B8%D0%B9%D1%81%D0%BA%D0%B8%D0%B9_%D1%8F%D0%B7%D1%8B%D0%BA"},"mobile":{"page":"https://ru.m.wikipedia.org/wiki/%D0%90%D0%BD%D0%B3%D0%BB%D0%B8%D0%B9%D1%81%D0%BA%D0%B8%D0%B9_%D1%8F%D0%B7%D1%8B%D0%BA","revisions":"https://ru.m.wikipedia.org/wiki/Special:History/%D0%90%D0%BD%D0%B3%D0%BB%D0%B8%D0%B9%D1%81%D0%BA%D0%B8%D0%B9_%D1%8F%D0%B7%D1%8B%D0%BA","edit":"https://ru.m.wikipedia.org/wiki/%D0%90%D0%BD%D0%B3%D0%BB%D0%B8%D0%B9%D1%81%D0%BA%D0%B8%D0%B9_%D1%8F%D0%B7%D1%8B%D0%BA?action=edit","talk":"https://ru.m.wikipedia.org/wiki/%D0%9E%D0%B1%D1%81%D1%83%D0%B6%D0%B4%D0%B5%D0%BD%D0%B8%D0%B5:%D0%90%D0%BD%D0%B3%D0%BB%D0%B8%D0%B9%D1%81%D0%BA%D0%B8%D0%B9_%D1%8F%D0%B7%D1%8B%D0%BA"}},"extract":"Англи́йский язык — язык англо-фризской подгруппы западной группы германской ветви индоевропейской языковой семьи. Английский язык — важнейший международный язык, что является следствием колониальной политики Британской империи в XIX и первой половине XX века, а также мирового влияния Соединённых Штатов Америки в XX—XXI веках. Является одним из наиболее распространённых языков в мире. Существует значительное разнообразие диалектов и говоров английского языка.","extract_html":"<p><b>Англи́йский язык</b> — язык англо-фризской подгруппы западной группы германской ветви индоевропейской языковой семьи. Английский язык — важнейший международный язык, что является следствием колониальной политики Британской империи в XIX и первой половине XX века, а также мирового влияния Соединённых Штатов Америки в XX—XXI веках. Является одним из наиболее распространённых языков в мире. Существует значительное разнообразие диалектов и говоров английского языка.</p>"}