{"type":"standard","title":"Ребёнок-актёр","displaytitle":"<span class=\"mw-page-title-main\">Ребёнок-актёр</span>","namespace":{"id":0,"text":""},"wikibase_item":"Q970153","titles":{"canonical":"Ребёнок-актёр","normalized":"Ребёнок-актёр","display":"<span class=\"mw-page-title-main\">Ребёнок-актёр</span>"},"pageid":2578749,"thumbnail":{"source":"https://upload.wikimedia.org/wikipedia/commons/4/4d/%D0%A1%D1%82%D0%B0%D1%80%D1%88%D0%BE%D0%B2%D0%B0_%D0%95%D0%BA%D0%B0%D1%82%D0%B5%D1%80%D0%B8%D0%BD%D0%B0.jpg","width":300,"height":300},"originalimage":{"source":"https://upload.wikimedia.org/wikipedia/commons/4/4d/%D0%A1%D1%82%D0%B0%D1%80%D1%88%D0%BE%D0%B2%D0%B0_%D0%95%D0%BA%D0%B0%D1%82%D0%B5%D1%80%D0%B8%D0%BD%D0%B0.jpg","width":300,"height":300},"lang":"ru","dir":"ltr","revision":"119100784","tid":"f8c99ff0-8c7c-11ed-aea0-d7087e803c07","timestamp":"2022-01-05T01:23:24Z","content_urls":{"desktop":{"page":"https://ru.wikipedia.org/wiki/%D0%A0%D0%B5%D0%B1%D1%91%D0%BD%D0%BE%D0%BA-%D0%B0%D0%BA%D1%82%D1%91%D1%80","revisions":"https://ru.wikipedia.org/wiki/%D0%A0%D0%B5%D0%B1%D1%91%D0%BD%D0%BE%D0%BA-%D0%B0%D0%BA%D1%82%D1%91%D1%80?action=history","edit":"https://ru.wikipedia.org/wiki/%D0%A0%D0%B5%D0%B1%D1%91%D0%BD%D0%BE%D0%BA-%D0%B0%D0%BA%D1%82%D1%91%D1%80?action=edit","talk":"https://ru.wikipedia.org/wiki/%D0%9E%D0%B1%D1%81%D1%83%D0%B6%D0%B4%D0%B5%D0%BD%D0%B8%D0%B5:%D0%A0%D0%B5%D0%B1%D1%91%D0%BD%D0%BE%D0%BA-%D0%B0%D0%BA%D1%82%D1%91%D1%80"},"mobile":{"page":"https://ru.m.wikipedia.org/wiki/%D0%A0%D0%B5%D0%B1%D1%91%D0%BD%D0%BE%D0%BA-%D0%B0%D0%BA%D1%82%D1%91%D1%80","revisions":"https://ru.m.wikipedia.org/wiki/Special:History/%D0%A0%D0%B5%D0%B1%D1%91%D0%BD%D0%BE%D0%BA-%D0%B0%D0%BA%D1%82%D1%91%D1%80","edit":"https://ru.m.wikipedia.org/wiki/%D0%A0%D0%B5%D0%B1%D1%91%D0%BD%D0%BE%D0%BA-%D0%B0%D0%BA%D1%82%D1%91%D1%80?action=edit","talk":"https://ru.m.wikipedia.org/wiki/%D0%9E%D0%B1%D1%81%D1%83%D0%B6%D0%B4%D0%B5%D0%BD%D0%B8%D0%B5:%D0%A0%D0%B5%D0%B1%D1%91%D0%BD%D0%BE%D0%BA-%D0%B0%D0%BA%D1%82%D1%91%D1%80"}},"extract":"Ребёнок-актёр (ребёнок-актриса) — термин, относящийся к детскому актёрству в кинофильмах и на телевидении. Близок по значению к термину подросток-актёр. В русском языке также есть понятие «юный актёр», однако под этим термином подразумеваются как дети-актёры, так и подростки-актёры.","extract_html":"<p><b>Ребёнок-актёр</b> (<b>ребёнок-актриса</b>) — термин, относящийся к детскому актёрству в кинофильмах и на телевидении. Близок по значению к термину <i>подросток-актёр</i>. В русском языке также есть понятие «юный актёр», однако под этим термином подразумеваются как дети-актёры, так и подростки-актёры.</p>"}