{"type":"standard","title":"Миллар, Майлз","displaytitle":"<span class=\"mw-page-title-main\">Миллар, Майлз</span>","namespace":{"id":0,"text":""},"wikibase_item":"Q1074029","titles":{"canonical":"Миллар,_Майлз","normalized":"Миллар, Майлз","display":"<span class=\"mw-page-title-main\">Миллар, Майлз</span>"},"pageid":8689937,"lang":"ru","dir":"ltr","revision":"125100808","tid":"542577e0-8c99-11ed-b017-e982910c023b","timestamp":"2022-08-26T13:43:28Z","description":"британский сценарист","description_source":"central","content_urls":{"desktop":{"page":"https://ru.wikipedia.org/wiki/%D0%9C%D0%B8%D0%BB%D0%BB%D0%B0%D1%80%2C_%D0%9C%D0%B0%D0%B9%D0%BB%D0%B7","revisions":"https://ru.wikipedia.org/wiki/%D0%9C%D0%B8%D0%BB%D0%BB%D0%B0%D1%80%2C_%D0%9C%D0%B0%D0%B9%D0%BB%D0%B7?action=history","edit":"https://ru.wikipedia.org/wiki/%D0%9C%D0%B8%D0%BB%D0%BB%D0%B0%D1%80%2C_%D0%9C%D0%B0%D0%B9%D0%BB%D0%B7?action=edit","talk":"https://ru.wikipedia.org/wiki/%D0%9E%D0%B1%D1%81%D1%83%D0%B6%D0%B4%D0%B5%D0%BD%D0%B8%D0%B5:%D0%9C%D0%B8%D0%BB%D0%BB%D0%B0%D1%80%2C_%D0%9C%D0%B0%D0%B9%D0%BB%D0%B7"},"mobile":{"page":"https://ru.m.wikipedia.org/wiki/%D0%9C%D0%B8%D0%BB%D0%BB%D0%B0%D1%80%2C_%D0%9C%D0%B0%D0%B9%D0%BB%D0%B7","revisions":"https://ru.m.wikipedia.org/wiki/Special:History/%D0%9C%D0%B8%D0%BB%D0%BB%D0%B0%D1%80%2C_%D0%9C%D0%B0%D0%B9%D0%BB%D0%B7","edit":"https://ru.m.wikipedia.org/wiki/%D0%9C%D0%B8%D0%BB%D0%BB%D0%B0%D1%80%2C_%D0%9C%D0%B0%D0%B9%D0%BB%D0%B7?action=edit","talk":"https://ru.m.wikipedia.org/wiki/%D0%9E%D0%B1%D1%81%D1%83%D0%B6%D0%B4%D0%B5%D0%BD%D0%B8%D0%B5:%D0%9C%D0%B8%D0%BB%D0%BB%D0%B0%D1%80%2C_%D0%9C%D0%B0%D0%B9%D0%BB%D0%B7"}},"extract":"Майлз Миллар — британский сценарист и продюсер. Миллар наиболее известен как со-создатель и автор сценария долгоидущего телесериала-приквела Супермена «Тайны Смолвиля» вместе со своим партнёром по сценарию Альфредом Гофом.","extract_html":"<p><b>Майлз Миллар</b> — британский сценарист и продюсер. Миллар наиболее известен как со-создатель и автор сценария долгоидущего телесериала-приквела Супермена «Тайны Смолвиля» вместе со своим партнёром по сценарию Альфредом Гофом.</p>"}