{"type":"standard","title":"Кристи, Гвендолин","displaytitle":"<span class=\"mw-page-title-main\">Кристи, Гвендолин</span>","namespace":{"id":0,"text":""},"wikibase_item":"Q440353","titles":{"canonical":"Кристи,_Гвендолин","normalized":"Кристи, Гвендолин","display":"<span class=\"mw-page-title-main\">Кристи, Гвендолин</span>"},"pageid":4642976,"thumbnail":{"source":"https://upload.wikimedia.org/wikipedia/commons/6/6e/Gwendoline_christie_by_sachyn_mital_%28cropped2%29.jpg","width":221,"height":393},"originalimage":{"source":"https://upload.wikimedia.org/wikipedia/commons/6/6e/Gwendoline_christie_by_sachyn_mital_%28cropped2%29.jpg","width":221,"height":393},"lang":"ru","dir":"ltr","revision":"127455672","tid":"228d0250-8c8c-11ed-827f-fbf904585716","timestamp":"2022-12-24T19:18:36Z","description":"английская актриса","description_source":"central","content_urls":{"desktop":{"page":"https://ru.wikipedia.org/wiki/%D0%9A%D1%80%D0%B8%D1%81%D1%82%D0%B8%2C_%D0%93%D0%B2%D0%B5%D0%BD%D0%B4%D0%BE%D0%BB%D0%B8%D0%BD","revisions":"https://ru.wikipedia.org/wiki/%D0%9A%D1%80%D0%B8%D1%81%D1%82%D0%B8%2C_%D0%93%D0%B2%D0%B5%D0%BD%D0%B4%D0%BE%D0%BB%D0%B8%D0%BD?action=history","edit":"https://ru.wikipedia.org/wiki/%D0%9A%D1%80%D0%B8%D1%81%D1%82%D0%B8%2C_%D0%93%D0%B2%D0%B5%D0%BD%D0%B4%D0%BE%D0%BB%D0%B8%D0%BD?action=edit","talk":"https://ru.wikipedia.org/wiki/%D0%9E%D0%B1%D1%81%D1%83%D0%B6%D0%B4%D0%B5%D0%BD%D0%B8%D0%B5:%D0%9A%D1%80%D0%B8%D1%81%D1%82%D0%B8%2C_%D0%93%D0%B2%D0%B5%D0%BD%D0%B4%D0%BE%D0%BB%D0%B8%D0%BD"},"mobile":{"page":"https://ru.m.wikipedia.org/wiki/%D0%9A%D1%80%D0%B8%D1%81%D1%82%D0%B8%2C_%D0%93%D0%B2%D0%B5%D0%BD%D0%B4%D0%BE%D0%BB%D0%B8%D0%BD","revisions":"https://ru.m.wikipedia.org/wiki/Special:History/%D0%9A%D1%80%D0%B8%D1%81%D1%82%D0%B8%2C_%D0%93%D0%B2%D0%B5%D0%BD%D0%B4%D0%BE%D0%BB%D0%B8%D0%BD","edit":"https://ru.m.wikipedia.org/wiki/%D0%9A%D1%80%D0%B8%D1%81%D1%82%D0%B8%2C_%D0%93%D0%B2%D0%B5%D0%BD%D0%B4%D0%BE%D0%BB%D0%B8%D0%BD?action=edit","talk":"https://ru.m.wikipedia.org/wiki/%D0%9E%D0%B1%D1%81%D1%83%D0%B6%D0%B4%D0%B5%D0%BD%D0%B8%D0%B5:%D0%9A%D1%80%D0%B8%D1%81%D1%82%D0%B8%2C_%D0%93%D0%B2%D0%B5%D0%BD%D0%B4%D0%BE%D0%BB%D0%B8%D0%BD"}},"extract":"Гве́ндолин Кри́сти — британская актриса, известная по ролям Бриенны Тарт в сериале «Игра престолов» и капитана Фазмы в саге «Звёздные войны».","extract_html":"<p><b>Гве́ндолин Кри́сти</b> — британская актриса, известная по ролям Бриенны Тарт в сериале «Игра престолов» и капитана Фазмы в саге «Звёздные войны».</p>"}