{"type":"standard","title":"Уэнсдей Аддамс","displaytitle":"<span class=\"mw-page-title-main\">Уэнсдей Аддамс</span>","namespace":{"id":0,"text":""},"wikibase_item":"Q2575084","titles":{"canonical":"Уэнсдей_Аддамс","normalized":"Уэнсдей Аддамс","display":"<span class=\"mw-page-title-main\">Уэнсдей Аддамс</span>"},"pageid":9979032,"thumbnail":{"source":"https://upload.wikimedia.org/wikipedia/ru/e/ee/Jenna_Ortega_as_Wednesday_Addams_2022.jpeg","width":258,"height":387},"originalimage":{"source":"https://upload.wikimedia.org/wikipedia/ru/e/ee/Jenna_Ortega_as_Wednesday_Addams_2022.jpeg","width":258,"height":387},"lang":"ru","dir":"ltr","revision":"127455910","tid":"98c26500-8ea8-11ed-88ec-c389f2d0f233","timestamp":"2022-12-24T19:32:00Z","description":"персонаж \"Семейки Аддамс\"","description_source":"central","content_urls":{"desktop":{"page":"https://ru.wikipedia.org/wiki/%D0%A3%D1%8D%D0%BD%D1%81%D0%B4%D0%B5%D0%B9_%D0%90%D0%B4%D0%B4%D0%B0%D0%BC%D1%81","revisions":"https://ru.wikipedia.org/wiki/%D0%A3%D1%8D%D0%BD%D1%81%D0%B4%D0%B5%D0%B9_%D0%90%D0%B4%D0%B4%D0%B0%D0%BC%D1%81?action=history","edit":"https://ru.wikipedia.org/wiki/%D0%A3%D1%8D%D0%BD%D1%81%D0%B4%D0%B5%D0%B9_%D0%90%D0%B4%D0%B4%D0%B0%D0%BC%D1%81?action=edit","talk":"https://ru.wikipedia.org/wiki/%D0%9E%D0%B1%D1%81%D1%83%D0%B6%D0%B4%D0%B5%D0%BD%D0%B8%D0%B5:%D0%A3%D1%8D%D0%BD%D1%81%D0%B4%D0%B5%D0%B9_%D0%90%D0%B4%D0%B4%D0%B0%D0%BC%D1%81"},"mobile":{"page":"https://ru.m.wikipedia.org/wiki/%D0%A3%D1%8D%D0%BD%D1%81%D0%B4%D0%B5%D0%B9_%D0%90%D0%B4%D0%B4%D0%B0%D0%BC%D1%81","revisions":"https://ru.m.wikipedia.org/wiki/Special:History/%D0%A3%D1%8D%D0%BD%D1%81%D0%B4%D0%B5%D0%B9_%D0%90%D0%B4%D0%B4%D0%B0%D0%BC%D1%81","edit":"https://ru.m.wikipedia.org/wiki/%D0%A3%D1%8D%D0%BD%D1%81%D0%B4%D0%B5%D0%B9_%D0%90%D0%B4%D0%B4%D0%B0%D0%BC%D1%81?action=edit","talk":"https://ru.m.wikipedia.org/wiki/%D0%9E%D0%B1%D1%81%D1%83%D0%B6%D0%B4%D0%B5%D0%BD%D0%B8%D0%B5:%D0%A3%D1%8D%D0%BD%D1%81%D0%B4%D0%B5%D0%B9_%D0%90%D0%B4%D0%B4%D0%B0%D0%BC%D1%81"}},"extract":"Уэнсдей Фрайдей Аддамс — дочь семейки Аддамс, созданная карикатуристом Чарльзом Аддамсом. Она — сестра Пагсли Аддамса, и единственная дочь Гомеса и Мортиши Аддамсов.","extract_html":"<p><b>Уэнсдей Фрайдей Аддамс</b> — дочь семейки Аддамс, созданная карикатуристом Чарльзом Аддамсом. Она — сестра Пагсли Аддамса, и единственная дочь Гомеса и Мортиши Аддамсов.</p>"}