{"type":"standard","title":"Сверхъестественная фантастика","displaytitle":"<span class=\"mw-page-title-main\">Сверхъестественная фантастика</span>","namespace":{"id":0,"text":""},"wikibase_item":"Q7644030","titles":{"canonical":"Сверхъестественная_фантастика","normalized":"Сверхъестественная фантастика","display":"<span class=\"mw-page-title-main\">Сверхъестественная фантастика</span>"},"pageid":9306860,"lang":"ru","dir":"ltr","revision":"127156453","tid":"ca86f690-7e41-11ed-8025-f561dbaa092d","timestamp":"2022-12-09T09:49:10Z","description":"жанр художественных произведений","description_source":"central","content_urls":{"desktop":{"page":"https://ru.wikipedia.org/wiki/%D0%A1%D0%B2%D0%B5%D1%80%D1%85%D1%8A%D0%B5%D1%81%D1%82%D0%B5%D1%81%D1%82%D0%B2%D0%B5%D0%BD%D0%BD%D0%B0%D1%8F_%D1%84%D0%B0%D0%BD%D1%82%D0%B0%D1%81%D1%82%D0%B8%D0%BA%D0%B0","revisions":"https://ru.wikipedia.org/wiki/%D0%A1%D0%B2%D0%B5%D1%80%D1%85%D1%8A%D0%B5%D1%81%D1%82%D0%B5%D1%81%D1%82%D0%B2%D0%B5%D0%BD%D0%BD%D0%B0%D1%8F_%D1%84%D0%B0%D0%BD%D1%82%D0%B0%D1%81%D1%82%D0%B8%D0%BA%D0%B0?action=history","edit":"https://ru.wikipedia.org/wiki/%D0%A1%D0%B2%D0%B5%D1%80%D1%85%D1%8A%D0%B5%D1%81%D1%82%D0%B5%D1%81%D1%82%D0%B2%D0%B5%D0%BD%D0%BD%D0%B0%D1%8F_%D1%84%D0%B0%D0%BD%D1%82%D0%B0%D1%81%D1%82%D0%B8%D0%BA%D0%B0?action=edit","talk":"https://ru.wikipedia.org/wiki/%D0%9E%D0%B1%D1%81%D1%83%D0%B6%D0%B4%D0%B5%D0%BD%D0%B8%D0%B5:%D0%A1%D0%B2%D0%B5%D1%80%D1%85%D1%8A%D0%B5%D1%81%D1%82%D0%B5%D1%81%D1%82%D0%B2%D0%B5%D0%BD%D0%BD%D0%B0%D1%8F_%D1%84%D0%B0%D0%BD%D1%82%D0%B0%D1%81%D1%82%D0%B8%D0%BA%D0%B0"},"mobile":{"page":"https://ru.m.wikipedia.org/wiki/%D0%A1%D0%B2%D0%B5%D1%80%D1%85%D1%8A%D0%B5%D1%81%D1%82%D0%B5%D1%81%D1%82%D0%B2%D0%B5%D0%BD%D0%BD%D0%B0%D1%8F_%D1%84%D0%B0%D0%BD%D1%82%D0%B0%D1%81%D1%82%D0%B8%D0%BA%D0%B0","revisions":"https://ru.m.wikipedia.org/wiki/Special:History/%D0%A1%D0%B2%D0%B5%D1%80%D1%85%D1%8A%D0%B5%D1%81%D1%82%D0%B5%D1%81%D1%82%D0%B2%D0%B5%D0%BD%D0%BD%D0%B0%D1%8F_%D1%84%D0%B0%D0%BD%D1%82%D0%B0%D1%81%D1%82%D0%B8%D0%BA%D0%B0","edit":"https://ru.m.wikipedia.org/wiki/%D0%A1%D0%B2%D0%B5%D1%80%D1%85%D1%8A%D0%B5%D1%81%D1%82%D0%B5%D1%81%D1%82%D0%B2%D0%B5%D0%BD%D0%BD%D0%B0%D1%8F_%D1%84%D0%B0%D0%BD%D1%82%D0%B0%D1%81%D1%82%D0%B8%D0%BA%D0%B0?action=edit","talk":"https://ru.m.wikipedia.org/wiki/%D0%9E%D0%B1%D1%81%D1%83%D0%B6%D0%B4%D0%B5%D0%BD%D0%B8%D0%B5:%D0%A1%D0%B2%D0%B5%D1%80%D1%85%D1%8A%D0%B5%D1%81%D1%82%D0%B5%D1%81%D1%82%D0%B2%D0%B5%D0%BD%D0%BD%D0%B0%D1%8F_%D1%84%D0%B0%D0%BD%D1%82%D0%B0%D1%81%D1%82%D0%B8%D0%BA%D0%B0"}},"extract":"Сверхъестественная фантастика — поджанр спекулятивной фантастики, который эксплуатирует или сосредоточен на сверхъестественных темах, часто противоречащих натуралистическим предположениям о реальном мире.","extract_html":"<p><b>Сверхъестественная фантастика</b> — поджанр спекулятивной фантастики, который эксплуатирует или сосредоточен на сверхъестественных темах, часто противоречащих натуралистическим предположениям о реальном мире.</p>"}