{"type":"standard","title":"Jericho, Vermont","displaytitle":"<span class=\"mw-page-title-main\">Jericho, Vermont</span>","namespace":{"id":0,"text":""},"wikibase_item":"Q1016601","titles":{"canonical":"Jericho,_Vermont","normalized":"Jericho, Vermont","display":"<span class=\"mw-page-title-main\">Jericho, Vermont</span>"},"pageid":260216,"thumbnail":{"source":"https://upload.wikimedia.org/wikipedia/commons/thumb/8/87/JerichoTownHall.JPG/320px-JerichoTownHall.JPG","width":320,"height":240},"originalimage":{"source":"https://upload.wikimedia.org/wikipedia/commons/8/87/JerichoTownHall.JPG","width":2304,"height":1728},"lang":"en","dir":"ltr","revision":"1129519821","tid":"432be050-8aeb-11ed-8b40-95481cff52ea","timestamp":"2022-12-25T21:33:32Z","description":"Town in Vermont, United States","description_source":"local","coordinates":{"lat":44.48139,"lon":-72.965},"content_urls":{"desktop":{"page":"https://en.wikipedia.org/wiki/Jericho%2C_Vermont","revisions":"https://en.wikipedia.org/wiki/Jericho%2C_Vermont?action=history","edit":"https://en.wikipedia.org/wiki/Jericho%2C_Vermont?action=edit","talk":"https://en.wikipedia.org/wiki/Talk:Jericho%2C_Vermont"},"mobile":{"page":"https://en.m.wikipedia.org/wiki/Jericho%2C_Vermont","revisions":"https://en.m.wikipedia.org/wiki/Special:History/Jericho%2C_Vermont","edit":"https://en.m.wikipedia.org/wiki/Jericho%2C_Vermont?action=edit","talk":"https://en.m.wikipedia.org/wiki/Talk:Jericho%2C_Vermont"}},"extract":"Jericho is a town in Chittenden County, Vermont, United States. As of the 2020 census, the population was 5,104. The town was named after the ancient city of Jericho.","extract_html":"<p><b>Jericho</b> is a town in Chittenden County, Vermont, United States. As of the 2020 census, the population was 5,104. The town was named after the ancient city of Jericho.</p>"}