{"type":"standard","title":"Thing (The Addams Family)","displaytitle":"Thing (<i>The Addams Family</i>)","namespace":{"id":0,"text":""},"wikibase_item":"Q967494","titles":{"canonical":"Thing_(The_Addams_Family)","normalized":"Thing (The Addams Family)","display":"Thing (<i>The Addams Family</i>)"},"pageid":632344,"thumbnail":{"source":"https://upload.wikimedia.org/wikipedia/en/thumb/d/d0/Thing_%28The_Addams_Family%29.gif/320px-Thing_%28The_Addams_Family%29.gif","width":320,"height":161},"originalimage":{"source":"https://upload.wikimedia.org/wikipedia/en/d/d0/Thing_%28The_Addams_Family%29.gif","width":446,"height":224},"lang":"en","dir":"ltr","revision":"1129001489","tid":"30a665b0-8e2c-11ed-aced-ab7eab8ba2ad","timestamp":"2022-12-23T03:04:37Z","description":"Fictional character in The Addams Family","description_source":"local","content_urls":{"desktop":{"page":"https://en.wikipedia.org/wiki/Thing_(The_Addams_Family)","revisions":"https://en.wikipedia.org/wiki/Thing_(The_Addams_Family)?action=history","edit":"https://en.wikipedia.org/wiki/Thing_(The_Addams_Family)?action=edit","talk":"https://en.wikipedia.org/wiki/Talk:Thing_(The_Addams_Family)"},"mobile":{"page":"https://en.m.wikipedia.org/wiki/Thing_(The_Addams_Family)","revisions":"https://en.m.wikipedia.org/wiki/Special:History/Thing_(The_Addams_Family)","edit":"https://en.m.wikipedia.org/wiki/Thing_(The_Addams_Family)?action=edit","talk":"https://en.m.wikipedia.org/wiki/Talk:Thing_(The_Addams_Family)"}},"extract":"Thing T. Thing, often referred to as just Thing, is a fictional character in The Addams Family series. The Addamses called it \"Thing\" because it was something that could not be identified. It is known as \"Cosa\" (Thing) in Spain, \"Dedos\" (Fingers) in Hispanic America, \"Mano\" (Hand) in Italy ,\"La Chose\" in French speaking countries, and \"eiskaltes Händchen\" in German.","extract_html":"<p><b>Thing T. Thing</b>, often referred to as just <b>Thing</b>, is a fictional character in <i>The Addams Family</i> series. The Addamses called it \"Thing\" because it was something that could not be identified. It is known as \"Cosa\" (Thing) in Spain, \"Dedos\" (Fingers) in Hispanic America, \"Mano\" (Hand) in Italy ,\"La Chose\" in French speaking countries, and \"eiskaltes Händchen\" in German.</p>"}