{"type":"standard","title":"Соединённые Штаты Америки","displaytitle":"<span class=\"mw-page-title-main\">Соединённые Штаты Америки</span>","namespace":{"id":0,"text":""},"wikibase_item":"Q30","titles":{"canonical":"Соединённые_Штаты_Америки","normalized":"Соединённые Штаты Америки","display":"<span class=\"mw-page-title-main\">Соединённые Штаты Америки</span>"},"pageid":638,"thumbnail":{"source":"https://upload.wikimedia.org/wikipedia/commons/thumb/a/a4/Flag_of_the_United_States.svg/langru-320px-Flag_of_the_United_States.svg.png","width":320,"height":168},"originalimage":{"source":"https://upload.wikimedia.org/wikipedia/commons/thumb/a/a4/Flag_of_the_United_States.svg/langru-1235px-Flag_of_the_United_States.svg.png","width":1235,"height":650},"lang":"ru","dir":"ltr","revision":"127719801","tid":"b6b7fb00-8e72-11ed-9357-3b6131f6a4bd","timestamp":"2023-01-07T10:04:38Z","description":"федеративное государство в Северной Америке","description_source":"central","coordinates":{"lat":40,"lon":-100},"content_urls":{"desktop":{"page":"https://ru.wikipedia.org/wiki/%D0%A1%D0%BE%D0%B5%D0%B4%D0%B8%D0%BD%D1%91%D0%BD%D0%BD%D1%8B%D0%B5_%D0%A8%D1%82%D0%B0%D1%82%D1%8B_%D0%90%D0%BC%D0%B5%D1%80%D0%B8%D0%BA%D0%B8","revisions":"https://ru.wikipedia.org/wiki/%D0%A1%D0%BE%D0%B5%D0%B4%D0%B8%D0%BD%D1%91%D0%BD%D0%BD%D1%8B%D0%B5_%D0%A8%D1%82%D0%B0%D1%82%D1%8B_%D0%90%D0%BC%D0%B5%D1%80%D0%B8%D0%BA%D0%B8?action=history","edit":"https://ru.wikipedia.org/wiki/%D0%A1%D0%BE%D0%B5%D0%B4%D0%B8%D0%BD%D1%91%D0%BD%D0%BD%D1%8B%D0%B5_%D0%A8%D1%82%D0%B0%D1%82%D1%8B_%D0%90%D0%BC%D0%B5%D1%80%D0%B8%D0%BA%D0%B8?action=edit","talk":"https://ru.wikipedia.org/wiki/%D0%9E%D0%B1%D1%81%D1%83%D0%B6%D0%B4%D0%B5%D0%BD%D0%B8%D0%B5:%D0%A1%D0%BE%D0%B5%D0%B4%D0%B8%D0%BD%D1%91%D0%BD%D0%BD%D1%8B%D0%B5_%D0%A8%D1%82%D0%B0%D1%82%D1%8B_%D0%90%D0%BC%D0%B5%D1%80%D0%B8%D0%BA%D0%B8"},"mobile":{"page":"https://ru.m.wikipedia.org/wiki/%D0%A1%D0%BE%D0%B5%D0%B4%D0%B8%D0%BD%D1%91%D0%BD%D0%BD%D1%8B%D0%B5_%D0%A8%D1%82%D0%B0%D1%82%D1%8B_%D0%90%D0%BC%D0%B5%D1%80%D0%B8%D0%BA%D0%B8","revisions":"https://ru.m.wikipedia.org/wiki/Special:History/%D0%A1%D0%BE%D0%B5%D0%B4%D0%B8%D0%BD%D1%91%D0%BD%D0%BD%D1%8B%D0%B5_%D0%A8%D1%82%D0%B0%D1%82%D1%8B_%D0%90%D0%BC%D0%B5%D1%80%D0%B8%D0%BA%D0%B8","edit":"https://ru.m.wikipedia.org/wiki/%D0%A1%D0%BE%D0%B5%D0%B4%D0%B8%D0%BD%D1%91%D0%BD%D0%BD%D1%8B%D0%B5_%D0%A8%D1%82%D0%B0%D1%82%D1%8B_%D0%90%D0%BC%D0%B5%D1%80%D0%B8%D0%BA%D0%B8?action=edit","talk":"https://ru.m.wikipedia.org/wiki/%D0%9E%D0%B1%D1%81%D1%83%D0%B6%D0%B4%D0%B5%D0%BD%D0%B8%D0%B5:%D0%A1%D0%BE%D0%B5%D0%B4%D0%B8%D0%BD%D1%91%D0%BD%D0%BD%D1%8B%D0%B5_%D0%A8%D1%82%D0%B0%D1%82%D1%8B_%D0%90%D0%BC%D0%B5%D1%80%D0%B8%D0%BA%D0%B8"}},"extract":"Соединённые Шта́ты Аме́рики, сокращённо США, или Соединённые Шта́ты — государство в Северной Америке. Площадь — 9,5 млн км². Население — чуть более 333 млн человек. США — федеративная президентская республика, которая административно состоит из 50 штатов и федерального округа Колумбия, а также административно контролирует ряд островных территорий.","extract_html":"<p><b>Соединённые Шта́ты Аме́рики</b>, сокращённо <b>США</b>, или <b>Соединённые Шта́ты</b> — государство в Северной Америке. Площадь — 9,5 млн км². Население — чуть более 333 млн человек. США — федеративная президентская республика, которая административно состоит из 50 штатов и федерального округа Колумбия, а также административно контролирует ряд островных территорий.</p>"}