{"type":"standard","title":"Флорида","displaytitle":"<span class=\"mw-page-title-main\">Флорида</span>","namespace":{"id":0,"text":""},"wikibase_item":"Q812","titles":{"canonical":"Флорида","normalized":"Флорида","display":"<span class=\"mw-page-title-main\">Флорида</span>"},"pageid":34210,"thumbnail":{"source":"https://upload.wikimedia.org/wikipedia/commons/thumb/f/f7/Flag_of_Florida.svg/langru-320px-Flag_of_Florida.svg.png","width":320,"height":213},"originalimage":{"source":"https://upload.wikimedia.org/wikipedia/commons/thumb/f/f7/Flag_of_Florida.svg/langru-300px-Flag_of_Florida.svg.png","width":300,"height":200},"lang":"ru","dir":"ltr","revision":"126000248","tid":"03621be0-8c5a-11ed-945f-4fcd74563a07","timestamp":"2022-10-11T14:07:28Z","description":"штат на юго-востоке США","description_source":"central","content_urls":{"desktop":{"page":"https://ru.wikipedia.org/wiki/%D0%A4%D0%BB%D0%BE%D1%80%D0%B8%D0%B4%D0%B0","revisions":"https://ru.wikipedia.org/wiki/%D0%A4%D0%BB%D0%BE%D1%80%D0%B8%D0%B4%D0%B0?action=history","edit":"https://ru.wikipedia.org/wiki/%D0%A4%D0%BB%D0%BE%D1%80%D0%B8%D0%B4%D0%B0?action=edit","talk":"https://ru.wikipedia.org/wiki/%D0%9E%D0%B1%D1%81%D1%83%D0%B6%D0%B4%D0%B5%D0%BD%D0%B8%D0%B5:%D0%A4%D0%BB%D0%BE%D1%80%D0%B8%D0%B4%D0%B0"},"mobile":{"page":"https://ru.m.wikipedia.org/wiki/%D0%A4%D0%BB%D0%BE%D1%80%D0%B8%D0%B4%D0%B0","revisions":"https://ru.m.wikipedia.org/wiki/Special:History/%D0%A4%D0%BB%D0%BE%D1%80%D0%B8%D0%B4%D0%B0","edit":"https://ru.m.wikipedia.org/wiki/%D0%A4%D0%BB%D0%BE%D1%80%D0%B8%D0%B4%D0%B0?action=edit","talk":"https://ru.m.wikipedia.org/wiki/%D0%9E%D0%B1%D1%81%D1%83%D0%B6%D0%B4%D0%B5%D0%BD%D0%B8%D0%B5:%D0%A4%D0%BB%D0%BE%D1%80%D0%B8%D0%B4%D0%B0"}},"extract":"Флори́да — штат на юго-востоке США; столица — город Таллахасси.","extract_html":"<p><b>Флори́да</b> — штат на юго-востоке США; столица — город Таллахасси.</p>"}