{"type":"standard","title":"Актёрское искусство","displaytitle":"<span class=\"mw-page-title-main\">Актёрское искусство</span>","namespace":{"id":0,"text":""},"wikibase_item":"Q222749","titles":{"canonical":"Актёрское_искусство","normalized":"Актёрское искусство","display":"<span class=\"mw-page-title-main\">Актёрское искусство</span>"},"pageid":659254,"thumbnail":{"source":"https://upload.wikimedia.org/wikipedia/commons/7/78/The_Tramp_Essanay.jpg","width":290,"height":715},"originalimage":{"source":"https://upload.wikimedia.org/wikipedia/commons/7/78/The_Tramp_Essanay.jpg","width":290,"height":715},"lang":"ru","dir":"ltr","revision":"127481871","tid":"bd1b6c70-89f4-11ed-ad13-1d32683a3ff9","timestamp":"2022-12-26T08:22:37Z","description":"профессиональная творческая деятельность в области исполнительских искусств, состоящая в создании сценических образов, вид исполнительс","description_source":"central","content_urls":{"desktop":{"page":"https://ru.wikipedia.org/wiki/%D0%90%D0%BA%D1%82%D1%91%D1%80%D1%81%D0%BA%D0%BE%D0%B5_%D0%B8%D1%81%D0%BA%D1%83%D1%81%D1%81%D1%82%D0%B2%D0%BE","revisions":"https://ru.wikipedia.org/wiki/%D0%90%D0%BA%D1%82%D1%91%D1%80%D1%81%D0%BA%D0%BE%D0%B5_%D0%B8%D1%81%D0%BA%D1%83%D1%81%D1%81%D1%82%D0%B2%D0%BE?action=history","edit":"https://ru.wikipedia.org/wiki/%D0%90%D0%BA%D1%82%D1%91%D1%80%D1%81%D0%BA%D0%BE%D0%B5_%D0%B8%D1%81%D0%BA%D1%83%D1%81%D1%81%D1%82%D0%B2%D0%BE?action=edit","talk":"https://ru.wikipedia.org/wiki/%D0%9E%D0%B1%D1%81%D1%83%D0%B6%D0%B4%D0%B5%D0%BD%D0%B8%D0%B5:%D0%90%D0%BA%D1%82%D1%91%D1%80%D1%81%D0%BA%D0%BE%D0%B5_%D0%B8%D1%81%D0%BA%D1%83%D1%81%D1%81%D1%82%D0%B2%D0%BE"},"mobile":{"page":"https://ru.m.wikipedia.org/wiki/%D0%90%D0%BA%D1%82%D1%91%D1%80%D1%81%D0%BA%D0%BE%D0%B5_%D0%B8%D1%81%D0%BA%D1%83%D1%81%D1%81%D1%82%D0%B2%D0%BE","revisions":"https://ru.m.wikipedia.org/wiki/Special:History/%D0%90%D0%BA%D1%82%D1%91%D1%80%D1%81%D0%BA%D0%BE%D0%B5_%D0%B8%D1%81%D0%BA%D1%83%D1%81%D1%81%D1%82%D0%B2%D0%BE","edit":"https://ru.m.wikipedia.org/wiki/%D0%90%D0%BA%D1%82%D1%91%D1%80%D1%81%D0%BA%D0%BE%D0%B5_%D0%B8%D1%81%D0%BA%D1%83%D1%81%D1%81%D1%82%D0%B2%D0%BE?action=edit","talk":"https://ru.m.wikipedia.org/wiki/%D0%9E%D0%B1%D1%81%D1%83%D0%B6%D0%B4%D0%B5%D0%BD%D0%B8%D0%B5:%D0%90%D0%BA%D1%82%D1%91%D1%80%D1%81%D0%BA%D0%BE%D0%B5_%D0%B8%D1%81%D0%BA%D1%83%D1%81%D1%81%D1%82%D0%B2%D0%BE"}},"extract":"Актёрское искусство (устар. «лицедейство») — профессиональная творческая деятельность в области исполнительских искусств, состоящая в создании сценических образов (ролей), вид исполнительского творчества.","extract_html":"<p><b>Актёрское искусство</b> (устар. «лицедейство») — профессиональная творческая деятельность в области исполнительских искусств, состоящая в создании сценических образов (ролей), вид исполнительского творчества.</p>"}