{"type":"standard","title":"Уайз, Деннис","displaytitle":"<span class=\"mw-page-title-main\">Уайз, Деннис</span>","namespace":{"id":0,"text":""},"wikibase_item":"Q326438","titles":{"canonical":"Уайз,_Деннис","normalized":"Уайз, Деннис","display":"<span class=\"mw-page-title-main\">Уайз, Деннис</span>"},"pageid":802826,"lang":"ru","dir":"ltr","revision":"127011268","tid":"5cc415e0-8c45-11ed-8b8e-4d373ac50b86","timestamp":"2022-12-02T07:49:42Z","content_urls":{"desktop":{"page":"https://ru.wikipedia.org/wiki/%D0%A3%D0%B0%D0%B9%D0%B7%2C_%D0%94%D0%B5%D0%BD%D0%BD%D0%B8%D1%81","revisions":"https://ru.wikipedia.org/wiki/%D0%A3%D0%B0%D0%B9%D0%B7%2C_%D0%94%D0%B5%D0%BD%D0%BD%D0%B8%D1%81?action=history","edit":"https://ru.wikipedia.org/wiki/%D0%A3%D0%B0%D0%B9%D0%B7%2C_%D0%94%D0%B5%D0%BD%D0%BD%D0%B8%D1%81?action=edit","talk":"https://ru.wikipedia.org/wiki/%D0%9E%D0%B1%D1%81%D1%83%D0%B6%D0%B4%D0%B5%D0%BD%D0%B8%D0%B5:%D0%A3%D0%B0%D0%B9%D0%B7%2C_%D0%94%D0%B5%D0%BD%D0%BD%D0%B8%D1%81"},"mobile":{"page":"https://ru.m.wikipedia.org/wiki/%D0%A3%D0%B0%D0%B9%D0%B7%2C_%D0%94%D0%B5%D0%BD%D0%BD%D0%B8%D1%81","revisions":"https://ru.m.wikipedia.org/wiki/Special:History/%D0%A3%D0%B0%D0%B9%D0%B7%2C_%D0%94%D0%B5%D0%BD%D0%BD%D0%B8%D1%81","edit":"https://ru.m.wikipedia.org/wiki/%D0%A3%D0%B0%D0%B9%D0%B7%2C_%D0%94%D0%B5%D0%BD%D0%BD%D0%B8%D1%81?action=edit","talk":"https://ru.m.wikipedia.org/wiki/%D0%9E%D0%B1%D1%81%D1%83%D0%B6%D0%B4%D0%B5%D0%BD%D0%B8%D0%B5:%D0%A3%D0%B0%D0%B9%D0%B7%2C_%D0%94%D0%B5%D0%BD%D0%BD%D0%B8%D1%81"}},"extract":"Деннис Фрэнк Уайз — английский футболист и футбольный тренер.","extract_html":"<p><b>Деннис Фрэнк Уайз</b> — английский футболист и футбольный тренер.</p>"}