{"type":"standard","title":"2022 год в кино","displaytitle":"<span class=\"mw-page-title-main\">2022 год в кино</span>","namespace":{"id":0,"text":""},"wikibase_item":"Q61670513","titles":{"canonical":"2022_год_в_кино","normalized":"2022 год в кино","display":"<span class=\"mw-page-title-main\">2022 год в кино</span>"},"pageid":8316180,"lang":"ru","dir":"ltr","revision":"127582743","tid":"dbbff400-8e88-11ed-882b-5127d7156dfa","timestamp":"2022-12-31T15:19:32Z","description":"список фильмов 2022 года","description_source":"central","content_urls":{"desktop":{"page":"https://ru.wikipedia.org/wiki/2022_%D0%B3%D0%BE%D0%B4_%D0%B2_%D0%BA%D0%B8%D0%BD%D0%BE","revisions":"https://ru.wikipedia.org/wiki/2022_%D0%B3%D0%BE%D0%B4_%D0%B2_%D0%BA%D0%B8%D0%BD%D0%BE?action=history","edit":"https://ru.wikipedia.org/wiki/2022_%D0%B3%D0%BE%D0%B4_%D0%B2_%D0%BA%D0%B8%D0%BD%D0%BE?action=edit","talk":"https://ru.wikipedia.org/wiki/%D0%9E%D0%B1%D1%81%D1%83%D0%B6%D0%B4%D0%B5%D0%BD%D0%B8%D0%B5:2022_%D0%B3%D0%BE%D0%B4_%D0%B2_%D0%BA%D0%B8%D0%BD%D0%BE"},"mobile":{"page":"https://ru.m.wikipedia.org/wiki/2022_%D0%B3%D0%BE%D0%B4_%D0%B2_%D0%BA%D0%B8%D0%BD%D0%BE","revisions":"https://ru.m.wikipedia.org/wiki/Special:History/2022_%D0%B3%D0%BE%D0%B4_%D0%B2_%D0%BA%D0%B8%D0%BD%D0%BE","edit":"https://ru.m.wikipedia.org/wiki/2022_%D0%B3%D0%BE%D0%B4_%D0%B2_%D0%BA%D0%B8%D0%BD%D0%BE?action=edit","talk":"https://ru.m.wikipedia.org/wiki/%D0%9E%D0%B1%D1%81%D1%83%D0%B6%D0%B4%D0%B5%D0%BD%D0%B8%D0%B5:2022_%D0%B3%D0%BE%D0%B4_%D0%B2_%D0%BA%D0%B8%D0%BD%D0%BE"}},"extract":"В данной статье представлены списки топ-10 самых кассовых фильмов года, самих фильмов, вышедших в течение года и наград, полученных фильмами за 2022 год.","extract_html":"<p>В данной статье представлены списки топ-10 самых кассовых фильмов года, самих фильмов, вышедших в течение года и наград, полученных фильмами за <b>2022 год</b>.</p>"}