{"type":"standard","title":"Ортега, Дженна","displaytitle":"<span class=\"mw-page-title-main\">Ортега, Дженна</span>","namespace":{"id":0,"text":""},"wikibase_item":"Q21738166","titles":{"canonical":"Ортега,_Дженна","normalized":"Ортега, Дженна","display":"<span class=\"mw-page-title-main\">Ортега, Дженна</span>"},"pageid":8574436,"thumbnail":{"source":"https://upload.wikimedia.org/wikipedia/commons/thumb/c/c4/Jenna_Ortega_2022.jpg/320px-Jenna_Ortega_2022.jpg","width":320,"height":390},"originalimage":{"source":"https://upload.wikimedia.org/wikipedia/commons/c/c4/Jenna_Ortega_2022.jpg","width":475,"height":579},"lang":"ru","dir":"ltr","revision":"127571014","tid":"e53ed5e0-8ea2-11ed-9d73-e3aaae8d6864","timestamp":"2022-12-30T20:47:56Z","description":"американская актриса","description_source":"central","content_urls":{"desktop":{"page":"https://ru.wikipedia.org/wiki/%D0%9E%D1%80%D1%82%D0%B5%D0%B3%D0%B0%2C_%D0%94%D0%B6%D0%B5%D0%BD%D0%BD%D0%B0","revisions":"https://ru.wikipedia.org/wiki/%D0%9E%D1%80%D1%82%D0%B5%D0%B3%D0%B0%2C_%D0%94%D0%B6%D0%B5%D0%BD%D0%BD%D0%B0?action=history","edit":"https://ru.wikipedia.org/wiki/%D0%9E%D1%80%D1%82%D0%B5%D0%B3%D0%B0%2C_%D0%94%D0%B6%D0%B5%D0%BD%D0%BD%D0%B0?action=edit","talk":"https://ru.wikipedia.org/wiki/%D0%9E%D0%B1%D1%81%D1%83%D0%B6%D0%B4%D0%B5%D0%BD%D0%B8%D0%B5:%D0%9E%D1%80%D1%82%D0%B5%D0%B3%D0%B0%2C_%D0%94%D0%B6%D0%B5%D0%BD%D0%BD%D0%B0"},"mobile":{"page":"https://ru.m.wikipedia.org/wiki/%D0%9E%D1%80%D1%82%D0%B5%D0%B3%D0%B0%2C_%D0%94%D0%B6%D0%B5%D0%BD%D0%BD%D0%B0","revisions":"https://ru.m.wikipedia.org/wiki/Special:History/%D0%9E%D1%80%D1%82%D0%B5%D0%B3%D0%B0%2C_%D0%94%D0%B6%D0%B5%D0%BD%D0%BD%D0%B0","edit":"https://ru.m.wikipedia.org/wiki/%D0%9E%D1%80%D1%82%D0%B5%D0%B3%D0%B0%2C_%D0%94%D0%B6%D0%B5%D0%BD%D0%BD%D0%B0?action=edit","talk":"https://ru.m.wikipedia.org/wiki/%D0%9E%D0%B1%D1%81%D1%83%D0%B6%D0%B4%D0%B5%D0%BD%D0%B8%D0%B5:%D0%9E%D1%80%D1%82%D0%B5%D0%B3%D0%B0%2C_%D0%94%D0%B6%D0%B5%D0%BD%D0%BD%D0%B0"}},"extract":"Дженна Мари Ортега — американская актриса, известная в первую очередь благодаря главной роли в сериале «Уэнздей» (2022).","extract_html":"<p><b>Дженна Мари Ортега</b> — американская актриса, известная в первую очередь благодаря главной роли в сериале «Уэнздей» (2022).</p>"}