{"type":"standard","title":"Майерс, Эмма","displaytitle":"<span class=\"mw-page-title-main\">Майерс, Эмма</span>","namespace":{"id":0,"text":""},"wikibase_item":"Q115411254","titles":{"canonical":"Майерс,_Эмма","normalized":"Майерс, Эмма","display":"<span class=\"mw-page-title-main\">Майерс, Эмма</span>"},"pageid":9994518,"lang":"ru","dir":"ltr","revision":"127547687","tid":"2dd9a300-8ddd-11ed-b8b1-a571d359b1b8","timestamp":"2022-12-29T16:41:51Z","description":"американская актриса","description_source":"central","content_urls":{"desktop":{"page":"https://ru.wikipedia.org/wiki/%D0%9C%D0%B0%D0%B9%D0%B5%D1%80%D1%81%2C_%D0%AD%D0%BC%D0%BC%D0%B0","revisions":"https://ru.wikipedia.org/wiki/%D0%9C%D0%B0%D0%B9%D0%B5%D1%80%D1%81%2C_%D0%AD%D0%BC%D0%BC%D0%B0?action=history","edit":"https://ru.wikipedia.org/wiki/%D0%9C%D0%B0%D0%B9%D0%B5%D1%80%D1%81%2C_%D0%AD%D0%BC%D0%BC%D0%B0?action=edit","talk":"https://ru.wikipedia.org/wiki/%D0%9E%D0%B1%D1%81%D1%83%D0%B6%D0%B4%D0%B5%D0%BD%D0%B8%D0%B5:%D0%9C%D0%B0%D0%B9%D0%B5%D1%80%D1%81%2C_%D0%AD%D0%BC%D0%BC%D0%B0"},"mobile":{"page":"https://ru.m.wikipedia.org/wiki/%D0%9C%D0%B0%D0%B9%D0%B5%D1%80%D1%81%2C_%D0%AD%D0%BC%D0%BC%D0%B0","revisions":"https://ru.m.wikipedia.org/wiki/Special:History/%D0%9C%D0%B0%D0%B9%D0%B5%D1%80%D1%81%2C_%D0%AD%D0%BC%D0%BC%D0%B0","edit":"https://ru.m.wikipedia.org/wiki/%D0%9C%D0%B0%D0%B9%D0%B5%D1%80%D1%81%2C_%D0%AD%D0%BC%D0%BC%D0%B0?action=edit","talk":"https://ru.m.wikipedia.org/wiki/%D0%9E%D0%B1%D1%81%D1%83%D0%B6%D0%B4%D0%B5%D0%BD%D0%B8%D0%B5:%D0%9C%D0%B0%D0%B9%D0%B5%D1%80%D1%81%2C_%D0%AD%D0%BC%D0%BC%D0%B0"}},"extract":"Эмма Майерс — американская актриса. Начала свою карьеру в 2010 году ещё будучи ребёнком, появившись в телесериале «Болота». Широкую известность получила в 2022 году после появления в роли Энид Синклер в сериале Netflix «Уэнздей».","extract_html":"<p><b>Эмма Майерс</b> — американская актриса. Начала свою карьеру в 2010 году ещё будучи ребёнком, появившись в телесериале «Болота». Широкую известность получила в 2022 году после появления в роли Энид Синклер в сериале Netflix «Уэнздей».</p>"}