{"type":"standard","title":"История взросления","displaytitle":"<span class=\"mw-page-title-main\">История взросления</span>","namespace":{"id":0,"text":""},"wikibase_item":"Q2975633","titles":{"canonical":"История_взросления","normalized":"История взросления","display":"<span class=\"mw-page-title-main\">История взросления</span>"},"pageid":9197807,"lang":"ru","dir":"ltr","revision":"127174208","tid":"a662c130-7875-11ed-86e8-cb29e6dd8e9b","timestamp":"2022-12-10T09:44:58Z","description":"поджанр подростковых фильмов или литературы","description_source":"central","content_urls":{"desktop":{"page":"https://ru.wikipedia.org/wiki/%D0%98%D1%81%D1%82%D0%BE%D1%80%D0%B8%D1%8F_%D0%B2%D0%B7%D1%80%D0%BE%D1%81%D0%BB%D0%B5%D0%BD%D0%B8%D1%8F","revisions":"https://ru.wikipedia.org/wiki/%D0%98%D1%81%D1%82%D0%BE%D1%80%D0%B8%D1%8F_%D0%B2%D0%B7%D1%80%D0%BE%D1%81%D0%BB%D0%B5%D0%BD%D0%B8%D1%8F?action=history","edit":"https://ru.wikipedia.org/wiki/%D0%98%D1%81%D1%82%D0%BE%D1%80%D0%B8%D1%8F_%D0%B2%D0%B7%D1%80%D0%BE%D1%81%D0%BB%D0%B5%D0%BD%D0%B8%D1%8F?action=edit","talk":"https://ru.wikipedia.org/wiki/%D0%9E%D0%B1%D1%81%D1%83%D0%B6%D0%B4%D0%B5%D0%BD%D0%B8%D0%B5:%D0%98%D1%81%D1%82%D0%BE%D1%80%D0%B8%D1%8F_%D0%B2%D0%B7%D1%80%D0%BE%D1%81%D0%BB%D0%B5%D0%BD%D0%B8%D1%8F"},"mobile":{"page":"https://ru.m.wikipedia.org/wiki/%D0%98%D1%81%D1%82%D0%BE%D1%80%D0%B8%D1%8F_%D0%B2%D0%B7%D1%80%D0%BE%D1%81%D0%BB%D0%B5%D0%BD%D0%B8%D1%8F","revisions":"https://ru.m.wikipedia.org/wiki/Special:History/%D0%98%D1%81%D1%82%D0%BE%D1%80%D0%B8%D1%8F_%D0%B2%D0%B7%D1%80%D0%BE%D1%81%D0%BB%D0%B5%D0%BD%D0%B8%D1%8F","edit":"https://ru.m.wikipedia.org/wiki/%D0%98%D1%81%D1%82%D0%BE%D1%80%D0%B8%D1%8F_%D0%B2%D0%B7%D1%80%D0%BE%D1%81%D0%BB%D0%B5%D0%BD%D0%B8%D1%8F?action=edit","talk":"https://ru.m.wikipedia.org/wiki/%D0%9E%D0%B1%D1%81%D1%83%D0%B6%D0%B4%D0%B5%D0%BD%D0%B8%D0%B5:%D0%98%D1%81%D1%82%D0%BE%D1%80%D0%B8%D1%8F_%D0%B2%D0%B7%D1%80%D0%BE%D1%81%D0%BB%D0%B5%D0%BD%D0%B8%D1%8F"}},"extract":"История взросления — литературный, сценический и кинематографический жанр, который фокусируется на жизни и взрослении главного героя или его переходном возрасте. Истории взросления, как правило, подчёркивают диалог или внутренний монолог, а не действие, и часто происходят в прошлом. Героями историй взросления, как правило, являются подростки.","extract_html":"<p><b>История взросления</b> — литературный, сценический и кинематографический жанр, который фокусируется на жизни и взрослении главного героя или его переходном возрасте. Истории взросления, как правило, подчёркивают диалог или внутренний монолог, а не действие, и часто происходят в прошлом. Героями историй взросления, как правило, являются подростки.</p>"}