{"type":"standard","title":"Комедия ужасов","displaytitle":"<span class=\"mw-page-title-main\">Комедия ужасов</span>","namespace":{"id":0,"text":""},"wikibase_item":"Q224700","titles":{"canonical":"Комедия_ужасов","normalized":"Комедия ужасов","display":"<span class=\"mw-page-title-main\">Комедия ужасов</span>"},"pageid":9262651,"thumbnail":{"source":"https://upload.wikimedia.org/wikipedia/commons/thumb/0/04/Zombieland_models_at_Comic-con.jpg/320px-Zombieland_models_at_Comic-con.jpg","width":320,"height":481},"originalimage":{"source":"https://upload.wikimedia.org/wikipedia/commons/0/04/Zombieland_models_at_Comic-con.jpg","width":2868,"height":4310},"lang":"ru","dir":"ltr","revision":"124526257","tid":"35af3960-85ee-11ed-91ee-658ec4218fa4","timestamp":"2022-08-03T12:49:17Z","description":"жанр, сочетающий элементы комедии и ужасов","description_source":"central","content_urls":{"desktop":{"page":"https://ru.wikipedia.org/wiki/%D0%9A%D0%BE%D0%BC%D0%B5%D0%B4%D0%B8%D1%8F_%D1%83%D0%B6%D0%B0%D1%81%D0%BE%D0%B2","revisions":"https://ru.wikipedia.org/wiki/%D0%9A%D0%BE%D0%BC%D0%B5%D0%B4%D0%B8%D1%8F_%D1%83%D0%B6%D0%B0%D1%81%D0%BE%D0%B2?action=history","edit":"https://ru.wikipedia.org/wiki/%D0%9A%D0%BE%D0%BC%D0%B5%D0%B4%D0%B8%D1%8F_%D1%83%D0%B6%D0%B0%D1%81%D0%BE%D0%B2?action=edit","talk":"https://ru.wikipedia.org/wiki/%D0%9E%D0%B1%D1%81%D1%83%D0%B6%D0%B4%D0%B5%D0%BD%D0%B8%D0%B5:%D0%9A%D0%BE%D0%BC%D0%B5%D0%B4%D0%B8%D1%8F_%D1%83%D0%B6%D0%B0%D1%81%D0%BE%D0%B2"},"mobile":{"page":"https://ru.m.wikipedia.org/wiki/%D0%9A%D0%BE%D0%BC%D0%B5%D0%B4%D0%B8%D1%8F_%D1%83%D0%B6%D0%B0%D1%81%D0%BE%D0%B2","revisions":"https://ru.m.wikipedia.org/wiki/Special:History/%D0%9A%D0%BE%D0%BC%D0%B5%D0%B4%D0%B8%D1%8F_%D1%83%D0%B6%D0%B0%D1%81%D0%BE%D0%B2","edit":"https://ru.m.wikipedia.org/wiki/%D0%9A%D0%BE%D0%BC%D0%B5%D0%B4%D0%B8%D1%8F_%D1%83%D0%B6%D0%B0%D1%81%D0%BE%D0%B2?action=edit","talk":"https://ru.m.wikipedia.org/wiki/%D0%9E%D0%B1%D1%81%D1%83%D0%B6%D0%B4%D0%B5%D0%BD%D0%B8%D0%B5:%D0%9A%D0%BE%D0%BC%D0%B5%D0%B4%D0%B8%D1%8F_%D1%83%D0%B6%D0%B0%D1%81%D0%BE%D0%B2"}},"extract":"Комедия ужасов — литературный, телевизионный и кинематографический жанр, сочетающий элементы комедии и ужасов. Он часто пересекается с чёрной комедией. Комедия ужасов также может пародировать клише ужасов в качестве основного источника юмора или использовать эти элементы, чтобы взять историю в другом направлении, например, в «Хижина в лесу», «Убойные каникулы», «Зомби по имени Шон» или франшиза «Зловещие мертвецы».","extract_html":"<p><b>Комедия ужасов</b> — литературный, телевизионный и кинематографический жанр, сочетающий элементы комедии и ужасов. Он часто пересекается с чёрной комедией. Комедия ужасов также может пародировать клише ужасов в качестве основного источника юмора или использовать эти элементы, чтобы взять историю в другом направлении, например, в «Хижина в лесу», «Убойные каникулы», «Зомби по имени Шон» или франшиза «Зловещие мертвецы».</p>"}