{"type":"disambiguation","title":"Уэнздей (значения)","displaytitle":"<span class=\"mw-page-title-main\">Уэнздей (значения)</span>","namespace":{"id":0,"text":""},"titles":{"canonical":"Уэнздей_(значения)","normalized":"Уэнздей (значения)","display":"<span class=\"mw-page-title-main\">Уэнздей (значения)</span>"},"pageid":9979881,"lang":"ru","dir":"ltr","revision":"127455240","tid":"4c88d6c0-83bc-11ed-b142-61a1e20ca57c","timestamp":"2022-12-24T18:53:47Z","content_urls":{"desktop":{"page":"https://ru.wikipedia.org/wiki/%D0%A3%D1%8D%D0%BD%D0%B7%D0%B4%D0%B5%D0%B9_(%D0%B7%D0%BD%D0%B0%D1%87%D0%B5%D0%BD%D0%B8%D1%8F)","revisions":"https://ru.wikipedia.org/wiki/%D0%A3%D1%8D%D0%BD%D0%B7%D0%B4%D0%B5%D0%B9_(%D0%B7%D0%BD%D0%B0%D1%87%D0%B5%D0%BD%D0%B8%D1%8F)?action=history","edit":"https://ru.wikipedia.org/wiki/%D0%A3%D1%8D%D0%BD%D0%B7%D0%B4%D0%B5%D0%B9_(%D0%B7%D0%BD%D0%B0%D1%87%D0%B5%D0%BD%D0%B8%D1%8F)?action=edit","talk":"https://ru.wikipedia.org/wiki/%D0%9E%D0%B1%D1%81%D1%83%D0%B6%D0%B4%D0%B5%D0%BD%D0%B8%D0%B5:%D0%A3%D1%8D%D0%BD%D0%B7%D0%B4%D0%B5%D0%B9_(%D0%B7%D0%BD%D0%B0%D1%87%D0%B5%D0%BD%D0%B8%D1%8F)"},"mobile":{"page":"https://ru.m.wikipedia.org/wiki/%D0%A3%D1%8D%D0%BD%D0%B7%D0%B4%D0%B5%D0%B9_(%D0%B7%D0%BD%D0%B0%D1%87%D0%B5%D0%BD%D0%B8%D1%8F)","revisions":"https://ru.m.wikipedia.org/wiki/Special:History/%D0%A3%D1%8D%D0%BD%D0%B7%D0%B4%D0%B5%D0%B9_(%D0%B7%D0%BD%D0%B0%D1%87%D0%B5%D0%BD%D0%B8%D1%8F)","edit":"https://ru.m.wikipedia.org/wiki/%D0%A3%D1%8D%D0%BD%D0%B7%D0%B4%D0%B5%D0%B9_(%D0%B7%D0%BD%D0%B0%D1%87%D0%B5%D0%BD%D0%B8%D1%8F)?action=edit","talk":"https://ru.m.wikipedia.org/wiki/%D0%9E%D0%B1%D1%81%D1%83%D0%B6%D0%B4%D0%B5%D0%BD%D0%B8%D0%B5:%D0%A3%D1%8D%D0%BD%D0%B7%D0%B4%D0%B5%D0%B9_(%D0%B7%D0%BD%D0%B0%D1%87%D0%B5%D0%BD%D0%B8%D1%8F)"}},"extract":"Уэнздей :«Уэнздей» — телесериал;\nУэнздей Аддамс — персонаж.","extract_html":"<p><b>Уэнздей</b> :</p><ul><li>«Уэнздей» — телесериал;</li>\n<li>Уэнздей Аддамс — персонаж.</li></ul>"}