{"type":"standard","title":"Мортиша Аддамс","displaytitle":"<span class=\"mw-page-title-main\">Мортиша Аддамс</span>","namespace":{"id":0,"text":""},"wikibase_item":"Q500727","titles":{"canonical":"Мортиша_Аддамс","normalized":"Мортиша Аддамс","display":"<span class=\"mw-page-title-main\">Мортиша Аддамс</span>"},"pageid":9992747,"thumbnail":{"source":"https://upload.wikimedia.org/wikipedia/commons/thumb/9/9c/Carolyn_Jones_John_Astin_The_Addams_Family_1964.JPG/320px-Carolyn_Jones_John_Astin_The_Addams_Family_1964.JPG","width":320,"height":400},"originalimage":{"source":"https://upload.wikimedia.org/wikipedia/commons/9/9c/Carolyn_Jones_John_Astin_The_Addams_Family_1964.JPG","width":620,"height":775},"lang":"ru","dir":"ltr","revision":"127493736","tid":"5da753e0-8c9b-11ed-b569-c73c04bcb1e4","timestamp":"2022-12-26T18:58:54Z","content_urls":{"desktop":{"page":"https://ru.wikipedia.org/wiki/%D0%9C%D0%BE%D1%80%D1%82%D0%B8%D1%88%D0%B0_%D0%90%D0%B4%D0%B4%D0%B0%D0%BC%D1%81","revisions":"https://ru.wikipedia.org/wiki/%D0%9C%D0%BE%D1%80%D1%82%D0%B8%D1%88%D0%B0_%D0%90%D0%B4%D0%B4%D0%B0%D0%BC%D1%81?action=history","edit":"https://ru.wikipedia.org/wiki/%D0%9C%D0%BE%D1%80%D1%82%D0%B8%D1%88%D0%B0_%D0%90%D0%B4%D0%B4%D0%B0%D0%BC%D1%81?action=edit","talk":"https://ru.wikipedia.org/wiki/%D0%9E%D0%B1%D1%81%D1%83%D0%B6%D0%B4%D0%B5%D0%BD%D0%B8%D0%B5:%D0%9C%D0%BE%D1%80%D1%82%D0%B8%D1%88%D0%B0_%D0%90%D0%B4%D0%B4%D0%B0%D0%BC%D1%81"},"mobile":{"page":"https://ru.m.wikipedia.org/wiki/%D0%9C%D0%BE%D1%80%D1%82%D0%B8%D1%88%D0%B0_%D0%90%D0%B4%D0%B4%D0%B0%D0%BC%D1%81","revisions":"https://ru.m.wikipedia.org/wiki/Special:History/%D0%9C%D0%BE%D1%80%D1%82%D0%B8%D1%88%D0%B0_%D0%90%D0%B4%D0%B4%D0%B0%D0%BC%D1%81","edit":"https://ru.m.wikipedia.org/wiki/%D0%9C%D0%BE%D1%80%D1%82%D0%B8%D1%88%D0%B0_%D0%90%D0%B4%D0%B4%D0%B0%D0%BC%D1%81?action=edit","talk":"https://ru.m.wikipedia.org/wiki/%D0%9E%D0%B1%D1%81%D1%83%D0%B6%D0%B4%D0%B5%D0%BD%D0%B8%D0%B5:%D0%9C%D0%BE%D1%80%D1%82%D0%B8%D1%88%D0%B0_%D0%90%D0%B4%D0%B4%D0%B0%D0%BC%D1%81"}},"extract":"Мортиша Аддамс — вымышленный персонаж во франшизе «Семейка Аддамс». Мортиша — жена Гомеса Адамса, мать Уэнсдей, Пагсли и Пуберта Аддамсов.","extract_html":"<p><b>Мортиша Аддамс</b> — вымышленный персонаж во франшизе «Семейка Аддамс». Мортиша — жена Гомеса Адамса, мать Уэнсдей, Пагсли и Пуберта Аддамсов.</p>"}