{"type":"standard","title":"Jamie McShane","displaytitle":"<span class=\"mw-page-title-main\">Jamie McShane</span>","namespace":{"id":0,"text":""},"wikibase_item":"Q22943994","titles":{"canonical":"Jamie_McShane","normalized":"Jamie McShane","display":"<span class=\"mw-page-title-main\">Jamie McShane</span>"},"pageid":51977330,"lang":"en","dir":"ltr","revision":"1131225417","tid":"e16aee60-8b1c-11ed-a7d6-0df502f0c5c8","timestamp":"2023-01-03T04:12:45Z","description":"American actor","description_source":"local","content_urls":{"desktop":{"page":"https://en.wikipedia.org/wiki/Jamie_McShane","revisions":"https://en.wikipedia.org/wiki/Jamie_McShane?action=history","edit":"https://en.wikipedia.org/wiki/Jamie_McShane?action=edit","talk":"https://en.wikipedia.org/wiki/Talk:Jamie_McShane"},"mobile":{"page":"https://en.m.wikipedia.org/wiki/Jamie_McShane","revisions":"https://en.m.wikipedia.org/wiki/Special:History/Jamie_McShane","edit":"https://en.m.wikipedia.org/wiki/Jamie_McShane?action=edit","talk":"https://en.m.wikipedia.org/wiki/Talk:Jamie_McShane"}},"extract":"Jamie McShane is an American actor best known for his roles on Sons of Anarchy, Southland, and Bloodline, and as Agent Jackson in the Marvel Cinematic Universe (MCU) films Thor (2011) and The Avengers (2012). In 2021, he appeared in the crime television series CSI: Vegas. In 2022, he played Det. Lankford in the Netflix series, The Lincoln Lawyer, and Sheriff Galpin in \"Wednesday \".","extract_html":"<p><b>Jamie McShane</b> is an American actor best known for his roles on <i>Sons of Anarchy</i>, <i>Southland</i>, and <i>Bloodline</i>, and as Agent Jackson in the Marvel Cinematic Universe (MCU) films <i>Thor</i> (2011) and <i>The Avengers</i> (2012). In 2021, he appeared in the crime television series <i>CSI: Vegas</i>. In 2022, he played Det. Lankford in the Netflix series, <i>The Lincoln Lawyer</i>, and Sheriff Galpin in \"Wednesday \".</p>"}