{"type":"standard","title":"Streaming television","displaytitle":"<span class=\"mw-page-title-main\">Streaming television</span>","namespace":{"id":0,"text":""},"wikibase_item":"Q841645","titles":{"canonical":"Streaming_television","normalized":"Streaming television","display":"<span class=\"mw-page-title-main\">Streaming television</span>"},"pageid":989858,"lang":"en","dir":"ltr","revision":"1131352071","tid":"80050660-8b9e-11ed-aa4d-7b512050acc1","timestamp":"2023-01-03T19:40:36Z","description":"Distribution of television content via the public internet","description_source":"local","content_urls":{"desktop":{"page":"https://en.wikipedia.org/wiki/Streaming_television","revisions":"https://en.wikipedia.org/wiki/Streaming_television?action=history","edit":"https://en.wikipedia.org/wiki/Streaming_television?action=edit","talk":"https://en.wikipedia.org/wiki/Talk:Streaming_television"},"mobile":{"page":"https://en.m.wikipedia.org/wiki/Streaming_television","revisions":"https://en.m.wikipedia.org/wiki/Special:History/Streaming_television","edit":"https://en.m.wikipedia.org/wiki/Streaming_television?action=edit","talk":"https://en.m.wikipedia.org/wiki/Talk:Streaming_television"}},"extract":"\nStreaming television is the digital distribution of television content, such as TV shows, as streaming media delivered over the Internet. Streaming television stands in contrast to dedicated terrestrial television delivered by over-the-air aerial systems, cable television, and/or satellite television systems.","extract_html":"<p>\n<b>Streaming television</b> is the digital distribution of television content, such as TV shows, as streaming media delivered over the Internet. Streaming television stands in contrast to dedicated terrestrial television delivered by over-the-air aerial systems, cable television, and/or satellite television systems.</p>"}