{"type":"disambiguation","title":"Джонс","displaytitle":"<span class=\"mw-page-title-main\">Джонс</span>","namespace":{"id":0,"text":""},"wikibase_item":"Q219334","titles":{"canonical":"Джонс","normalized":"Джонс","display":"<span class=\"mw-page-title-main\">Джонс</span>"},"pageid":415165,"lang":"ru","dir":"ltr","revision":"126868554","tid":"9c778180-8075-11ed-bcba-b957f78c63bb","timestamp":"2022-11-25T13:15:31Z","description":"страница значений","description_source":"central","content_urls":{"desktop":{"page":"https://ru.wikipedia.org/wiki/%D0%94%D0%B6%D0%BE%D0%BD%D1%81","revisions":"https://ru.wikipedia.org/wiki/%D0%94%D0%B6%D0%BE%D0%BD%D1%81?action=history","edit":"https://ru.wikipedia.org/wiki/%D0%94%D0%B6%D0%BE%D0%BD%D1%81?action=edit","talk":"https://ru.wikipedia.org/wiki/%D0%9E%D0%B1%D1%81%D1%83%D0%B6%D0%B4%D0%B5%D0%BD%D0%B8%D0%B5:%D0%94%D0%B6%D0%BE%D0%BD%D1%81"},"mobile":{"page":"https://ru.m.wikipedia.org/wiki/%D0%94%D0%B6%D0%BE%D0%BD%D1%81","revisions":"https://ru.m.wikipedia.org/wiki/Special:History/%D0%94%D0%B6%D0%BE%D0%BD%D1%81","edit":"https://ru.m.wikipedia.org/wiki/%D0%94%D0%B6%D0%BE%D0%BD%D1%81?action=edit","talk":"https://ru.m.wikipedia.org/wiki/%D0%9E%D0%B1%D1%81%D1%83%D0%B6%D0%B4%D0%B5%D0%BD%D0%B8%D0%B5:%D0%94%D0%B6%D0%BE%D0%BD%D1%81"}},"extract":"Джонс, Джо́унз — английская фамилия, встречающаяся в письменных источниках с XIII века. Собственно значит «сын Джона». Кроме того, является самой часто встречающейся фамилией у валлийцев, у которых она развилась несколько позднее под влиянием английского варианта фамилии как производная патронима, происходящего от личного имени Иейан — валлийского варианта имени Джон.","extract_html":"<p><b>Джонс</b>, <b>Джо́унз</b> — английская фамилия, встречающаяся в письменных источниках с XIII века. Собственно значит «сын Джона». Кроме того, является самой часто встречающейся фамилией у валлийцев, у которых она развилась несколько позднее под влиянием английского варианта фамилии как производная патронима, происходящего от личного имени Иейан — валлийского варианта имени Джон.</p>"}