{"type":"standard","title":"Полузащитник (футбол)","displaytitle":"<span class=\"mw-page-title-main\">Полузащитник (футбол)</span>","namespace":{"id":0,"text":""},"wikibase_item":"Q193592","titles":{"canonical":"Полузащитник_(футбол)","normalized":"Полузащитник (футбол)","display":"<span class=\"mw-page-title-main\">Полузащитник (футбол)</span>"},"pageid":248380,"thumbnail":{"source":"https://upload.wikimedia.org/wikipedia/commons/thumb/4/42/396px-Boisko_PositionsMidfield.png/320px-396px-Boisko_PositionsMidfield.png","width":320,"height":484},"originalimage":{"source":"https://upload.wikimedia.org/wikipedia/commons/4/42/396px-Boisko_PositionsMidfield.png","width":396,"height":599},"lang":"ru","dir":"ltr","revision":"127063164","tid":"41798c20-7be7-11ed-9dee-b5518395abbf","timestamp":"2022-12-04T17:51:56Z","description":"игрок футбольной команды, действующий между защитой и нападением","description_source":"central","content_urls":{"desktop":{"page":"https://ru.wikipedia.org/wiki/%D0%9F%D0%BE%D0%BB%D1%83%D0%B7%D0%B0%D1%89%D0%B8%D1%82%D0%BD%D0%B8%D0%BA_(%D1%84%D1%83%D1%82%D0%B1%D0%BE%D0%BB)","revisions":"https://ru.wikipedia.org/wiki/%D0%9F%D0%BE%D0%BB%D1%83%D0%B7%D0%B0%D1%89%D0%B8%D1%82%D0%BD%D0%B8%D0%BA_(%D1%84%D1%83%D1%82%D0%B1%D0%BE%D0%BB)?action=history","edit":"https://ru.wikipedia.org/wiki/%D0%9F%D0%BE%D0%BB%D1%83%D0%B7%D0%B0%D1%89%D0%B8%D1%82%D0%BD%D0%B8%D0%BA_(%D1%84%D1%83%D1%82%D0%B1%D0%BE%D0%BB)?action=edit","talk":"https://ru.wikipedia.org/wiki/%D0%9E%D0%B1%D1%81%D1%83%D0%B6%D0%B4%D0%B5%D0%BD%D0%B8%D0%B5:%D0%9F%D0%BE%D0%BB%D1%83%D0%B7%D0%B0%D1%89%D0%B8%D1%82%D0%BD%D0%B8%D0%BA_(%D1%84%D1%83%D1%82%D0%B1%D0%BE%D0%BB)"},"mobile":{"page":"https://ru.m.wikipedia.org/wiki/%D0%9F%D0%BE%D0%BB%D1%83%D0%B7%D0%B0%D1%89%D0%B8%D1%82%D0%BD%D0%B8%D0%BA_(%D1%84%D1%83%D1%82%D0%B1%D0%BE%D0%BB)","revisions":"https://ru.m.wikipedia.org/wiki/Special:History/%D0%9F%D0%BE%D0%BB%D1%83%D0%B7%D0%B0%D1%89%D0%B8%D1%82%D0%BD%D0%B8%D0%BA_(%D1%84%D1%83%D1%82%D0%B1%D0%BE%D0%BB)","edit":"https://ru.m.wikipedia.org/wiki/%D0%9F%D0%BE%D0%BB%D1%83%D0%B7%D0%B0%D1%89%D0%B8%D1%82%D0%BD%D0%B8%D0%BA_(%D1%84%D1%83%D1%82%D0%B1%D0%BE%D0%BB)?action=edit","talk":"https://ru.m.wikipedia.org/wiki/%D0%9E%D0%B1%D1%81%D1%83%D0%B6%D0%B4%D0%B5%D0%BD%D0%B8%D0%B5:%D0%9F%D0%BE%D0%BB%D1%83%D0%B7%D0%B0%D1%89%D0%B8%D1%82%D0%BD%D0%B8%D0%BA_(%D1%84%D1%83%D1%82%D0%B1%D0%BE%D0%BB)"}},"extract":"Полузащи́тник — игрок футбольной команды, действующий между защитой и нападением. Основной задачей полузащитников является помощь игрокам обороны и нападения, в зависимости от игровой ситуации.","extract_html":"<p><b>Полузащи́тник</b> — игрок футбольной команды, действующий между защитой и нападением. Основной задачей полузащитников является помощь игрокам обороны и нападения, в зависимости от игровой ситуации.</p>"}