{"type":"standard","title":"Великобритания","displaytitle":"<span class=\"mw-page-title-main\">Великобритания</span>","namespace":{"id":0,"text":""},"wikibase_item":"Q145","titles":{"canonical":"Великобритания","normalized":"Великобритания","display":"<span class=\"mw-page-title-main\">Великобритания</span>"},"pageid":110,"thumbnail":{"source":"https://upload.wikimedia.org/wikipedia/commons/thumb/8/83/Flag_of_the_United_Kingdom_%283-5%29.svg/langru-320px-Flag_of_the_United_Kingdom_%283-5%29.svg.png","width":320,"height":192},"originalimage":{"source":"https://upload.wikimedia.org/wikipedia/commons/thumb/8/83/Flag_of_the_United_Kingdom_%283-5%29.svg/langru-1000px-Flag_of_the_United_Kingdom_%283-5%29.svg.png","width":1000,"height":600},"lang":"ru","dir":"ltr","revision":"127328924","tid":"9d984250-8a0e-11ed-8ee1-a928145ab6b9","timestamp":"2022-12-18T10:56:52Z","description":"государство в Европе","description_source":"central","coordinates":{"lat":54.6,"lon":-2},"content_urls":{"desktop":{"page":"https://ru.wikipedia.org/wiki/%D0%92%D0%B5%D0%BB%D0%B8%D0%BA%D0%BE%D0%B1%D1%80%D0%B8%D1%82%D0%B0%D0%BD%D0%B8%D1%8F","revisions":"https://ru.wikipedia.org/wiki/%D0%92%D0%B5%D0%BB%D0%B8%D0%BA%D0%BE%D0%B1%D1%80%D0%B8%D1%82%D0%B0%D0%BD%D0%B8%D1%8F?action=history","edit":"https://ru.wikipedia.org/wiki/%D0%92%D0%B5%D0%BB%D0%B8%D0%BA%D0%BE%D0%B1%D1%80%D0%B8%D1%82%D0%B0%D0%BD%D0%B8%D1%8F?action=edit","talk":"https://ru.wikipedia.org/wiki/%D0%9E%D0%B1%D1%81%D1%83%D0%B6%D0%B4%D0%B5%D0%BD%D0%B8%D0%B5:%D0%92%D0%B5%D0%BB%D0%B8%D0%BA%D0%BE%D0%B1%D1%80%D0%B8%D1%82%D0%B0%D0%BD%D0%B8%D1%8F"},"mobile":{"page":"https://ru.m.wikipedia.org/wiki/%D0%92%D0%B5%D0%BB%D0%B8%D0%BA%D0%BE%D0%B1%D1%80%D0%B8%D1%82%D0%B0%D0%BD%D0%B8%D1%8F","revisions":"https://ru.m.wikipedia.org/wiki/Special:History/%D0%92%D0%B5%D0%BB%D0%B8%D0%BA%D0%BE%D0%B1%D1%80%D0%B8%D1%82%D0%B0%D0%BD%D0%B8%D1%8F","edit":"https://ru.m.wikipedia.org/wiki/%D0%92%D0%B5%D0%BB%D0%B8%D0%BA%D0%BE%D0%B1%D1%80%D0%B8%D1%82%D0%B0%D0%BD%D0%B8%D1%8F?action=edit","talk":"https://ru.m.wikipedia.org/wiki/%D0%9E%D0%B1%D1%81%D1%83%D0%B6%D0%B4%D0%B5%D0%BD%D0%B8%D0%B5:%D0%92%D0%B5%D0%BB%D0%B8%D0%BA%D0%BE%D0%B1%D1%80%D0%B8%D1%82%D0%B0%D0%BD%D0%B8%D1%8F"}},"extract":"Великобрита́ния, или Соединённое Короле́вство, полная официальная форма — Соединённое Короле́вство Великобрита́нии и Се́верной Ирла́ндии — суверенное государство у северо-западного побережья континентальной Европы, состоящее из Англии, Уэльса, Шотландии и Северной Ирландии. Соединённое Королевство включает в себя остров Великобритания, северо-восточную часть острова Ирландия и множество более мелких Британских островов. Северная Ирландия имеет сухопутную границу с Республикой Ирландия; в остальном, Великобритания окружена Атлантическим океаном, Северным морем, Ла-Маншем, Кельтским морем и Ирландским морем. Общая площадь Соединённого Королевства составляет 242 500 км², а численность населения в 2020 году оценивалась в более чем 67 млн человек.","extract_html":"<p><b>Великобрита́ния</b>, или <b>Соединённое Короле́вство</b>, полная официальная форма — <b>Соединённое Короле́вство Великобрита́нии и Се́верной Ирла́ндии</b> — суверенное государство у северо-западного побережья континентальной Европы, состоящее из Англии, Уэльса, Шотландии и Северной Ирландии. Соединённое Королевство включает в себя остров Великобритания, северо-восточную часть острова Ирландия и множество более мелких Британских островов. Северная Ирландия имеет сухопутную границу с Республикой Ирландия; в остальном, Великобритания окружена Атлантическим океаном, Северным морем, Ла-Маншем, Кельтским морем и Ирландским морем. Общая площадь Соединённого Королевства составляет 242 500 км², а численность населения в 2020 году оценивалась в более чем 67 млн человек.</p>"}