{"type":"standard","title":"Уотфорд","displaytitle":"<span class=\"mw-page-title-main\">Уотфорд</span>","namespace":{"id":0,"text":""},"wikibase_item":"Q2598","titles":{"canonical":"Уотфорд","normalized":"Уотфорд","display":"<span class=\"mw-page-title-main\">Уотфорд</span>"},"pageid":173542,"thumbnail":{"source":"https://upload.wikimedia.org/wikipedia/commons/thumb/9/94/Watford_Town_Hall_%2819716814084%29.jpg/320px-Watford_Town_Hall_%2819716814084%29.jpg","width":320,"height":240},"originalimage":{"source":"https://upload.wikimedia.org/wikipedia/commons/9/94/Watford_Town_Hall_%2819716814084%29.jpg","width":1024,"height":768},"lang":"ru","dir":"ltr","revision":"124943649","tid":"3283e490-8c45-11ed-b679-fb2599c734fb","timestamp":"2022-08-19T18:14:46Z","description":"город в графстве Хартфордшир, Англия","description_source":"central","coordinates":{"lat":51.6608168,"lon":-0.4018378},"content_urls":{"desktop":{"page":"https://ru.wikipedia.org/wiki/%D0%A3%D0%BE%D1%82%D1%84%D0%BE%D1%80%D0%B4","revisions":"https://ru.wikipedia.org/wiki/%D0%A3%D0%BE%D1%82%D1%84%D0%BE%D1%80%D0%B4?action=history","edit":"https://ru.wikipedia.org/wiki/%D0%A3%D0%BE%D1%82%D1%84%D0%BE%D1%80%D0%B4?action=edit","talk":"https://ru.wikipedia.org/wiki/%D0%9E%D0%B1%D1%81%D1%83%D0%B6%D0%B4%D0%B5%D0%BD%D0%B8%D0%B5:%D0%A3%D0%BE%D1%82%D1%84%D0%BE%D1%80%D0%B4"},"mobile":{"page":"https://ru.m.wikipedia.org/wiki/%D0%A3%D0%BE%D1%82%D1%84%D0%BE%D1%80%D0%B4","revisions":"https://ru.m.wikipedia.org/wiki/Special:History/%D0%A3%D0%BE%D1%82%D1%84%D0%BE%D1%80%D0%B4","edit":"https://ru.m.wikipedia.org/wiki/%D0%A3%D0%BE%D1%82%D1%84%D0%BE%D1%80%D0%B4?action=edit","talk":"https://ru.m.wikipedia.org/wiki/%D0%9E%D0%B1%D1%81%D1%83%D0%B6%D0%B4%D0%B5%D0%BD%D0%B8%D0%B5:%D0%A3%D0%BE%D1%82%D1%84%D0%BE%D1%80%D0%B4"}},"extract":"Уо́тфорд — город и район со статусом боро в графстве Хартфордшир, Англия.","extract_html":"<p><b>Уо́тфорд</b> — город и район со статусом боро в графстве Хартфордшир, Англия.</p>"}