{
  "GeneralInfo": {
    "BrowserVersion": "",
    "IsWinInetMode": false,
    "MaxUsedConnections": 0,
    "RecordedBrowser": "Internet Explorer",
    "RecordingDate": "янв-22-2023",
    "RecordingDuration": 21937,
    "RecordingMode": "N/A",
    "RecordingTimeStamp": 1674424275,
    "RecordingType": "Browser",
    "TotalBytesReceived": 0,
    "TotalBytesSent": 0,
    "TotalRequests": 0,
    "UserAgent": ""
  },
  "WebSocket": {
    "IncludeInScript": false,
    "IsScriptIncludeWebSocket": false
  },
  "NumberOfCorrelations": 6
}